0,1,9.csv
1,3,77.csv,78.csv,79.csv
2,1,65.csv
3,10,57.csv,58.csv,59.csv,60.csv,61.csv,62.csv,66.csv,71.csv,72.csv,73.csv
4,1,56.csv
5,3,51.csv,53.csv,54.csv
6,1,64.csv
7,1,45.csv
8,1,76.csv
9,12,40.csv,41.csv,42.csv,43.csv,44.csv,46.csv,47.csv,48.csv,49.csv,50.csv,52.csv,55.csv
10,1,39.csv
11,1,38.csv
12,2,30.csv,35.csv
13,4,67.csv,68.csv,69.csv,70.csv
14,2,25.csv,26.csv
15,1,15.csv
16,1,5.csv
17,2,13.csv,14.csv
18,10,24.csv,27.csv,28.csv,29.csv,31.csv,32.csv,33.csv,34.csv,36.csv,37.csv
19,2,74.csv,75.csv
20,1,63.csv
21,12,10.csv,11.csv,12.csv,16.csv,17.csv,18.csv,19.csv,20.csv,21.csv,22.csv,23.csv,8.csv
22,7,0.csv,1.csv,2.csv,3.csv,4.csv,6.csv,7.csv
