0,2,74.csv,75.csv
1,1,76.csv
2,4,67.csv,68.csv,69.csv,70.csv
3,1,64.csv
4,3,51.csv,53.csv,54.csv
5,1,63.csv
6,1,45.csv
7,2,34.csv,38.csv
8,16,32.csv,35.csv,37.csv,39.csv,40.csv,41.csv,42.csv,43.csv,44.csv,46.csv,47.csv,48.csv,49.csv,50.csv,52.csv,55.csv
9,10,1.csv,10.csv,12.csv,3.csv,4.csv,5.csv,6.csv,7.csv,8.csv,9.csv
10,1,65.csv
11,1,56.csv
12,5,11.csv,15.csv,16.csv,17.csv,19.csv
13,2,13.csv,14.csv
14,1,0.csv
15,2,22.csv,23.csv
16,6,18.csv,20.csv,25.csv,26.csv,27.csv,30.csv
17,1,2.csv
18,3,77.csv,78.csv,79.csv
19,2,21.csv,24.csv
20,13,28.csv,29.csv,33.csv,57.csv,58.csv,59.csv,60.csv,61.csv,62.csv,66.csv,71.csv,72.csv,73.csv
21,2,31.csv,36.csv
